Test_ID,Location
SV0106 ,3rd-Party(hours)
SV0103,3rd-Party(hours)
SV0126,3rd-Party(hours)
SV0125,3rd-Party(hours)
SV0102 ,3rd-Party(hours)
SV0117,3rd-Party(hours)
SV0118,3rd-Party(hours)
SV0107,3rd-Party(hours)
SV0127,3rd-Party(hours)
SV0128,3rd-Party(hours)
SV0105,3rd-Party(hours)
SV0114,3rd-Party(hours)
ENG0013791_CHECK,In House(hours)
ENG0013791_UFIT,In House(hours)
ENG0013791_GRS,In House(hours)
REL0164_OM,3rd-Party(hours)
REL0164_DNP,3rd-Party(hours)
AUX_1,Vendor(set)
AUX_2,Vendor(set)
AUX_3,Vendor(set)
