TOOL_TYPE,ACCOUNT,PROJECT,PHASE,WEIGHT,SYSTEM_ETA,CRITICAL_FEEDBACK,SYSTEM_NUMBER,FUNCTIONAL,RECORDED_AT
TEST PLAN,ROSA,hdhd,C0,25.0,2026-10-02,2026-10-16,3,Non-functional,2026-09-25T02:00:42
NRE,,,,,,,,Concept:Functional,2026-09-25T10:29:55
NRE,,,,,,,,"Concept:Non-functional, BCT:Functional",2026-09-26T11:20:11
NRE,,,,,,,,Concept:Functional,2026-09-26T11:25:37
TEST PLAN,ROSA,S,C0,25.0,2026-10-06,2026-10-20,2,Functional,2026-09-29T14:12:15
TEST PLAN,ROSA,gg,C0,100.0,2026-10-06,2026-10-20,3,Non-functional,2026-09-29T14:58:04
NRE,ROSA,gg,C0,100.0,2026-10-06,2026-10-20,3,"Concept:Non-functional, BCT:Functional, NOT:Functional",2026-09-29T15:03:53
TEST PLAN,ROSA,hh,C0,25.0,2026-10-07,2026-10-21,2,Functional,2026-09-30T20:34:03
TEST PLAN,ROSA,jj,C0,25.0,2026-10-07,2026-10-21,3,Non-functional,2026-09-30T20:40:22
TEST PLAN,ROSA,jj,C0,25.0,2026-10-07,2026-10-21,3,Functional,2026-09-30T20:43:41
TEST PLAN,ROSA,yy,C0,25.0,2026-10-07,2026-10-21,3,Functional,2026-09-30T20:47:06
